Timestamp,User,SessionTime,HR,RR,Range_m,RMS,Energy,PeakToPeak,IBI_Mean,IBI_STD,Skewness,Kurtosis,DominantFreq,SpectralCentroid,SpectralEntropy,PulseWidth,RiseTime,BandPower,SBP_Estimate,DBP_Estimate,ReliabilityScore
2026-04-03 10:49:13.751618,data_collection_user,5.07,80.00,2.34,0.533,0.187314302161319,3.508664779418192,1.1085949282301106,0.9750000000000001,0.16393596310755007,-0.12448753918342086,2.1218447049644267,1.0,1.258742726756409,1.9087820279540406,0.4357934279618115,0.1875,164.99692658032833,137.9,83.9,90
2026-04-03 10:49:13.812482,data_collection_user,5.13,80.00,2.34,0.533,0.1877986626279844,3.5621021061708102,1.1035250048759302,0.9750000000000001,0.16393596310755007,-0.14147405753132652,1.9748150116734404,0.99009900990099,1.2538650280165073,1.9913173249275893,0.4491036801666989,0.17500000000000002,160.23459820693543,137.9,83.9,90
2026-04-03 10:49:13.857593,data_collection_user,5.18,80.00,2.34,0.533,0.1898694616497764,3.6771420716519425,1.1102126152928453,0.9750000000000001,0.16393596310755007,-0.1860306265893301,1.8383379241352316,0.980392156862745,1.2443322782086674,2.0459773618147756,0.4581139932688963,0.17500000000000002,163.85499798811713,137.9,83.9,90
2026-04-03 10:49:13.904050,data_collection_user,5.22,80.00,2.34,0.533,0.1927152628073352,3.8253347694467283,1.1487977182237517,1.0375,0.054486236794258465,-0.17930193811541273,2.1185874372567666,0.970873786407767,1.228476272567889,1.9467406877824602,0.47307954561497934,0.20000000000000004,171.0471705674106,138.1,83.9,90
2026-04-03 10:49:13.963585,data_collection_user,5.28,80.00,2.34,0.533,0.1975817679581235,4.060009723063607,1.162703295929982,0.85,0.2774887385102322,-0.07821684364156566,1.96679695101224,0.9615384615384615,1.220649660856578,1.9334163367696238,0.38323417079614913,0.18,179.04239001983026,138.1,84.0,90
2026-04-03 10:49:14.007773,data_collection_user,5.33,80.00,2.34,0.533,0.20330819440070905,4.340093300600033,1.15568608934591,0.86,0.2615339366124404,0.05188062164554619,1.6114136348572057,0.9523809523809523,1.2292641835283844,1.9993289007417128,0.38346211754724824,0.19,187.57194123261905,138.1,84.0,90
2026-04-03 10:49:14.051799,data_collection_user,5.37,80.00,2.34,0.533,0.2315473610761432,5.683103124660539,1.2290699944285808,0.8600000000000001,0.2709243436828814,-0.28301572249860707,1.0843550685815435,0.9433962264150942,1.262961667149639,2.2856400676334414,0.44440328664359363,0.2,228.17217709591057,138.4,84.1,90
2026-04-03 10:49:14.113805,data_collection_user,5.43,80.00,2.34,0.533,0.27386975393508617,8.025496706889717,1.6000688584161724,0.8700000000000001,0.26570660511172844,-0.878444492527884,2.2755042825986136,0.9345794392523364,1.2404784368454582,2.3824860804830905,0.43591164393312454,0.18,300.3727845239868,140.1,84.8,90
2026-04-03 10:49:14.156660,data_collection_user,5.48,80.00,2.34,0.533,0.3103831840089866,10.404473858880097,1.8329379520680509,1.0875,0.0544862367942584,-1.1787884968986286,3.1273965968083113,0.9259259259259258,1.1772250197811063,2.3745474491344716,0.5007984263279239,0.18750000000000003,374.77229678982286,141.2,85.2,90
2026-04-03 10:49:14.201693,data_collection_user,5.52,80.00,2.34,0.533,0.332547056309582,12.054042367958344,1.8914222778692649,1.0875,0.0544862367942584,-1.1199535233035576,2.914621651029618,0.9174311926605504,1.1064661027041809,2.3171014482005683,0.49878682542355557,0.1875,428.498308163213,141.4,85.3,90
2026-04-03 10:49:14.263085,data_collection_user,5.58,80.00,2.34,0.533,0.34084356272048427,12.779176767279196,1.8810364169457652,1.0875,0.081967981553775,-0.8467643837712306,2.204349289292036,0.9090909090909092,1.0517663405169957,2.2443363812251813,0.4897910007577965,0.2,455.72915322391844,141.4,85.3,90
2026-04-03 10:49:14.306841,data_collection_user,5.63,80.00,2.34,0.533,0.33806107442474426,12.685667194574584,1.818883912234732,1.0875,0.081967981553775,-0.5093647872725535,1.5401729827924138,0.9009009009009007,1.0202792426875296,2.185933027471463,0.47421100676222405,0.2,457.9506102629446,141.1,85.2,90
2026-04-03 10:49:14.352150,data_collection_user,5.67,80.00,2.34,0.533,0.32607839901542585,11.908637698099886,1.7031073371683831,1.0875,0.0544862367942584,-0.17467957712164145,1.057047056125838,0.8928571428571428,1.0063916599305478,2.1543598563203643,0.46467278772007636,0.1875,436.3559798722967,140.6,84.9,90
2026-04-03 10:49:14.412755,data_collection_user,5.73,80.00,2.34,0.533,0.3068994321570158,10.643160544787758,1.5102715949613008,1.0875,0.0544862367942584,0.14723903577502293,0.7575670959698146,0.8849557522123894,1.007115973638622,2.1623030295581502,0.46044344876533616,0.2,396.01185249349135,139.7,84.6,90
2026-04-03 10:49:14.457394,data_collection_user,5.78,80.00,2.34,0.533,0.2842439275525525,9.210585579957083,1.3207187801840599,1.0875,0.0544862367942584,0.41060546746149884,0.7173762653170419,0.8771929824561403,1.0306897777298563,2.2286925526759918,0.4550448610996741,0.20000000000000004,351.65646724384254,138.9,84.3,90
2026-04-03 10:49:14.502413,data_collection_user,5.82,80.00,2.34,0.533,0.26312820918029345,7.962192263639252,1.2451602049826098,0.9799999999999999,0.220454076850486,0.5121044904058808,0.8996638090885445,0.8695652173913043,1.0848487914986493,2.3341196572865655,0.38385732508946124,0.17500000000000002,320.1195745574163,138.5,84.1,90
2026-04-03 10:49:14.563538,data_collection_user,5.88,80.00,2.34,0.533,0.24812943860032136,7.141913322812836,1.2314336445203629,0.8166666666666668,0.2608745973749755,0.3991654863261559,1.0621181062443137,1.0344827586206895,1.156423277362372,2.38726651411476,0.3460954619486068,0.17500000000000002,312.44140174939963,138.5,84.1,90
2026-04-03 10:49:14.604767,data_collection_user,5.92,80.00,2.34,0.533,0.24167599434682507,6.833652490492615,1.2227128366921258,0.8250000000000001,0.252899848424892,0.1648342662600291,1.060745976815702,1.0256410256410255,1.2128877881244806,2.3103779435331733,0.3562271559433884,0.17,329.8507487563833,138.4,84.1,90
2026-04-03 10:49:14.650452,data_collection_user,5.97,80.00,2.34,0.533,0.24285426394707288,6.959426835038396,1.2197350467666062,0.8250000000000001,0.252899848424892,-0.047513730690639674,0.9726679337877036,1.0169491525423728,1.2341310497378277,2.145459779406916,0.3666243631165883,0.17500000000000002,364.7126527963718,138.4,84.1,90
2026-04-03 10:49:14.711482,data_collection_user,6.03,80.00,2.34,0.533,0.24773035102267382,7.303068891320245,1.2575510697363819,0.8333333333333335,0.2560381915956203,-0.17169736184330814,0.9022303934212634,1.0084033613445378,1.2283505069882512,1.990166424843306,0.3889617489310312,0.17500000000000002,403.5303874242015,138.6,84.1,90
2026-04-03 10:49:14.755848,data_collection_user,6.07,80.00,2.34,0.533,0.25181139259287,7.609077292747259,1.2812645862597742,1.01,0.1593737745050923,-0.21016997006170693,0.8834946656016447,1.0,1.2133136623501635,1.879017672008826,0.451338019196759,0.17,432.66280097464045,138.7,84.2,90
2026-04-03 10:49:14.801487,data_collection_user,6.12,80.00,2.34,0.533,0.2528098352893722,7.733450351103779,1.284625649467363,1.01,0.16248076809271922,-0.1911033128683606,0.9064850995241436,0.9917355371900825,1.200172304051405,1.807733309913796,0.4523916770909556,0.19000000000000003,444.87651229659775,138.7,84.2,50
2026-04-03 10:49:14.861631,data_collection_user,6.18,80.00,2.34,0.533,0.2514529612120365,7.713888187680835,1.275177949686614,1.01,0.16248076809271922,-0.15277728277198419,0.9421844980875784,0.9836065573770492,1.1926908382418613,1.7714768000807135,0.45410137134698186,0.19000000000000003,445.5702484355265,138.7,84.2,50
2026-04-03 10:49:14.905316,data_collection_user,6.22,80.00,2.34,0.533,0.2500262209685028,7.689112674130241,1.2672966243650983,1.02,0.13999999999999999,-0.13080409119171155,0.9466844451522403,0.975609756097561,1.1895291519939215,1.7705328118426216,0.4611058180222482,0.17,445.1397754298603,138.6,84.2,50
2026-04-03 10:49:14.952256,data_collection_user,6.27,80.00,2.34,0.533,0.2501579836859755,7.759798083427266,1.2695614258122296,1.02,0.13999999999999999,-0.1382375144676624,0.9034366512977736,0.967741935483871,1.1866940896469689,1.8075366749553743,0.48540581486948364,0.17,451.50616479263044,138.6,84.2,50
2026-04-03 10:49:15.013166,data_collection_user,6.33,80.00,2.34,0.533,0.2517871319544711,7.924594977232281,1.280642616950456,1.0299999999999998,0.12083045973594571,-0.16193588567659548,0.8461357659050637,0.96,1.1808990530830932,1.8653390851427107,0.4966327147804253,0.16,465.3815894428511,138.7,84.2,50
2026-04-03 10:49:15.056801,data_collection_user,6.38,80.00,2.34,0.533,0.25380712878308076,8.11667538626003,1.2941230880465597,1.0399999999999998,0.10198039027185571,-0.18284219915875358,0.8130254404085377,0.9523809523809523,1.1726623997198184,1.9246339494926228,0.5036011861069298,0.16,427.16148189036056,138.7,84.2,50
2026-04-03 10:49:15.101872,data_collection_user,6.42,80.00,2.34,0.533,0.2551988617734653,8.271060299409974,1.3045228688486068,1.0399999999999998,0.10198039027185571,-0.19206806249240502,0.8148240477197577,0.9448818897637795,1.163836177586655,1.9789889514965804,0.5068589048614578,0.16,432.34599431486544,138.8,84.2,50
2026-04-03 10:49:15.162875,data_collection_user,6.48,80.00,2.34,0.533,0.25558617993052174,8.36150980754906,1.309929360696898,1.0399999999999998,0.10677078252031312,-0.19079267401849123,0.8432455314313683,0.9375,1.1567403596845929,2.0330754261320716,0.5086234017397554,0.18000000000000002,433.67366232961854,138.8,84.2,50
2026-04-03 10:49:15.208262,data_collection_user,6.53,80.00,2.34,0.533,0.255148532722054,8.397999813778002,1.3114518416325613,1.0399999999999998,0.10677078252031312,-0.1842359861113857,0.8859110775731533,0.9302325581395349,1.1516223620913575,2.092579821973378,0.509611306259092,0.18000000000000002,432.6753101247048,138.8,84.2,50
2026-04-03 10:49:15.251483,data_collection_user,6.57,80.00,2.34,0.533,0.2542486629865572,8.403509741958752,1.31119385823121,1.0399999999999998,0.10677078252031312,-0.1770044873639067,0.9342534641478153,0.9230769230769231,1.1487015458875351,2.151468386395962,0.5076266763433055,0.18000000000000002,431.73462980322347,138.8,84.2,50
2026-04-03 10:49:15.312786,data_collection_user,6.63,80.00,4.69,0.533,0.25312831349303344,8.393686545029393,1.3104900928933878,1.05,0.08944271909999157,-0.17138174770869896,0.9851890664702938,0.9160305343511449,1.1473484486839503,2.2020269033127984,0.505024206447452,0.18000000000000002,432.0786641397202,139.3,84.5,50
2026-04-03 10:49:15.355705,data_collection_user,6.67,80.00,4.69,0.533,0.251873185690855,8.37409342044791,1.3096172516539095,1.05,0.08944271909999157,-0.1680159686877559,1.038132121738112,0.909090909090909,1.1477438803401587,2.240751613399536,0.5014288360562333,0.18000000000000002,434.24633846476513,139.3,84.5,50
2026-04-03 10:49:15.401849,data_collection_user,6.72,80.00,4.69,0.533,0.250531248848513,8.347865584396208,1.3084942447665697,1.05,0.08944271909999157,-0.16704775468465755,1.091758940634402,0.9022556390977443,1.1494104413305046,2.264308168556823,0.49782367595088256,0.18000000000000002,438.37562982424413,139.3,84.5,50
2026-04-03 10:49:15.462691,data_collection_user,6.78,80.00,4.69,0.533,0.24916809877512866,8.319355353926444,1.307159478937641,1.05,0.08944271909999157,-0.16848236375512807,1.1438591597912788,0.8955223880597014,1.1522024522049943,2.266402845653683,0.49476532090874326,0.18000000000000002,444.37282517419555,139.3,84.5,50
2026-04-03 10:49:15.506144,data_collection_user,6.82,80.00,4.69,0.533,0.2478509190153822,8.293060537663889,1.3057972604071095,1.05,0.08944271909999157,-0.17219339772836878,1.1923692165036686,1.037037037037037,1.1554980578121206,2.245000235350001,0.4921399561350669,0.18000000000000002,451.9814842316143,139.3,84.5,50
2026-04-03 10:49:15.551892,data_collection_user,6.87,80.00,4.69,0.533,0.24663316377540864,8.272596776445985,1.304637162262807,1.05,0.08944271909999157,-0.17792516153043053,1.2357103746062403,1.0294117647058822,1.1590347168840058,2.2052020529212264,0.4902313085573131,0.18000000000000002,461.073292107368,139.3,84.5,50
2026-04-03 10:49:15.612788,data_collection_user,6.93,80.00,4.69,0.533,0.24554832779318594,8.260275435638095,1.303854723080193,1.05,0.08944271909999157,-0.18528096871829408,1.2728865272852543,1.021897810218978,1.1623344032199816,2.155219625539671,0.4897414060975772,0.18000000000000002,471.06954679993765,139.3,84.5,50
2026-04-03 10:49:15.656272,data_collection_user,6.97,80.00,4.69,0.533,0.24460711994790402,8.256904751830746,1.303513993973922,1.05,0.08944271909999157,-0.19372795165221626,1.3036668558470286,1.0144927536231885,1.165233590493555,2.101759873641053,0.4899880275947104,0.18000000000000002,482.5177215346859,139.3,84.5,50
2026-04-03 10:49:15.700802,data_collection_user,7.02,80.00,4.69,0.533,0.24379924628979252,8.261892076314457,1.3035745985394032,1.05,0.08944271909999157,-0.20265296304770916,1.328698988833021,1.0071942446043165,1.1674441188288305,2.048629576228503,0.49049079604526213,0.18000000000000002,495.1199099983847,139.3,84.5,50
2026-04-03 10:49:15.761237,data_collection_user,7.08,80.00,4.69,0.533,0.24309866422713644,8.273574476862525,1.3039398932898703,1.0583333333333333,0.08374896350934075,-0.21145446222328637,1.3494250615216776,1.0,1.1689704827731497,1.9983430056200697,0.4339309135500334,0.17500000000000002,508.4415690256321,139.3,84.5,50
2026-04-03 10:49:15.806492,data_collection_user,7.13,80.00,4.69,0.533,0.24247005358392515,8.289633490783807,1.304505950078078,1.0583333333333333,0.08374896350934075,-0.219627664973223,1.3677951724750264,0.9929078014184396,1.1697181249449087,1.9565994277288412,0.4425577412674525,0.18333333333333335,521.9391964510606,139.3,84.5,50
2026-04-03 10:49:15.852190,data_collection_user,7.17,80.00,4.69,0.533,0.24187454129464628,8.307467709162367,1.3051840725102721,1.0583333333333333,0.08374896350934075,-0.2268092919691842,1.3858847955042393,0.9859154929577463,1.1698912351814652,1.9306632221974431,0.4485234361366449,0.18333333333333335,535.0242504782673,139.3,84.5,50
2026-04-03 10:49:15.911198,data_collection_user,7.23,80.00,4.69,0.533,0.23725313057115213,8.04933385911114,1.2902355502037313,0.9999999999999999,0.1322875655532295,-0.15267969016901123,1.5376344929355792,0.979020979020979,1.1688502525777642,2.0830097142706494,0.4468961039142454,0.17,504.4768908087134,139.2,84.5,50
2026-04-03 10:49:15.956606,data_collection_user,7.28,80.00,4.69,0.533,0.23567025469852623,7.997827528752225,1.2779481386028115,0.9357142857142857,0.21165046271470078,-0.12243210253936769,1.4758576778796826,0.9722222222222223,1.1809332023804229,2.170342312440451,0.4084998719944541,0.16428571428571428,504.2330679497268,139.2,84.5,50
2026-04-03 10:49:16.003286,data_collection_user,7.32,80.00,4.69,0.533,0.23680154976990786,8.130871226147372,1.2711655827092945,0.9357142857142857,0.2166535841157586,-0.13544143046122323,1.2764993182240048,0.9655172413793103,1.215476459628736,2.228150756728391,0.5287466117498532,0.18000000000000002,529.6557162099058,139.2,84.5,50
2026-04-03 10:49:16.061352,data_collection_user,7.38,80.00,4.69,0.533,0.25632177532279543,9.592324465675924,1.2968033657014322,0.825,0.291547594742265,0.048750998512343297,0.9644083426320029,0.958904109589041,1.3071316702394826,2.2242367491950614,0.46228733240044184,0.15714285714285717,679.3481011609804,139.3,84.5,50
2026-04-03 10:49:16.107031,data_collection_user,7.43,80.00,4.69,0.533,0.2909042275782554,12.439914634566508,1.7640522964131455,0.825,0.3,0.679272838015348,2.3775410565899664,0.9523809523809523,1.329963558920898,2.304065321741772,0.4596114209246811,0.19000000000000003,895.2190325782789,141.4,85.3,50
2026-04-03 10:49:16.151973,data_collection_user,7.47,80.00,4.69,0.533,0.32182535764590237,15.32859100193912,2.0406893643455923,0.9500000000000001,0.23603873774083295,1.144526554048023,3.906753600823203,0.8108108108108107,1.2876604810334993,2.359048681738539,0.499952202099061,0.18333333333333335,1098.8441687250572,142.6,85.8,50
2026-04-03 10:49:16.211269,data_collection_user,7.53,80.00,4.69,0.533,0.3402153439656617,17.246225560181355,2.1302529923456466,0.9571428571428572,0.23668630751115557,1.2338369861007703,4.138762479026219,0.8053691275167785,1.223126811608379,2.3319879404627226,0.49980217643667635,0.19166666666666668,1234.7082505754388,143.0,86.0,50
2026-04-03 10:49:16.255946,data_collection_user,7.57,80.00,4.69,0.533,0.3461858281790169,17.97669414479877,2.1675978881926383,0.9571428571428572,0.2194613070819602,1.049215991536207,3.4740473166053647,0.8,1.1680542005122008,2.26738409115286,0.5084838116490592,0.17500000000000002,1292.3670959383314,143.2,86.1,50
2026-04-03 10:49:16.301512,data_collection_user,7.62,80.00,4.69,0.533,0.3421868778735861,17.680870767719753,2.115235334895268,0.9642857142857143,0.219925775976295,0.7471117050628644,2.613825720479002,0.7947019867549667,1.132506920140194,2.2046360401660126,0.5045070698864575,0.19000000000000003,977.291907937384,142.9,86.0,50
2026-04-03 10:49:16.361378,data_collection_user,7.68,80.00,4.69,0.533,0.3299375715548173,16.546537770770506,1.9749110311993925,0.9642857142857143,0.20303814862216993,0.41390566738703394,1.8151725434912196,0.7894736842105263,1.1138557088479013,2.1498265559403724,0.5119728024441249,0.2,917.5315050172848,142.3,85.7,50
2026-04-03 10:49:16.407357,data_collection_user,7.73,80.00,4.69,0.533,0.311513940958833,14.847263117990604,1.743368054230789,0.9714285714285714,0.1622545241657221,0.07840607843443198,1.147385635584408,0.7843137254901962,1.1110236606153983,2.103200958334935,0.5420967759911065,0.18333333333333335,833.2950586195611,141.3,85.3,50
2026-04-03 10:49:16.450802,data_collection_user,7.77,80.00,4.69,0.533,0.29060396983937975,13.005402762106698,1.508712768088674,0.9857142857142858,0.15746719775034715,-0.20125856954464233,0.7779252672316668,1.0389610389610389,1.132144702123831,2.080292445423104,0.5540271659752436,0.17500000000000002,747.4504878614357,140.2,84.9,50
2026-04-03 10:49:16.511536,data_collection_user,7.83,80.00,4.69,0.533,0.27159928589541726,11.433756675329596,1.4496667740250992,1.0,0.15352989471574768,-0.33066460709560047,0.73665814497167,1.032258064516129,1.1803421089940012,2.093633964686729,0.5698359510932504,0.2,681.9382461162099,140.0,84.8,50
2026-04-03 10:49:16.556242,data_collection_user,7.87,80.00,4.69,0.533,0.2578160409236666,10.369181309378384,1.3783320279756404,0.9571428571428572,0.1859888080898791,-0.2872089635690674,0.7945748886955806,1.0256410256410255,1.238914379388638,2.1379106476163425,0.5383107434322465,0.19166666666666668,646.0978507141074,139.6,84.6,50
2026-04-03 10:49:16.602135,data_collection_user,7.92,80.00,4.69,0.533,0.25056594271238797,9.856976788633586,1.3018331747891738,0.8875,0.2484325864293974,-0.16026418532029268,0.8158421213446285,1.019108280254777,1.279517373124844,2.2171763059769236,0.5034795499239644,0.19000000000000003,637.1371037746591,139.3,84.5,50
2026-04-03 10:49:16.661526,data_collection_user,7.98,80.00,4.69,0.533,0.2489814301202916,9.794696902069814,1.2560686252928484,0.8937499999999999,0.24165768661476508,-0.040629435883660255,0.8332091180222982,1.0126582278481011,1.2909870694114844,2.310457198638037,0.5085801854990093,0.19166666666666668,646.920398625637,139.1,84.4,50
2026-04-03 10:49:16.708234,data_collection_user,8.03,80.00,4.69,0.533,0.2504150633698595,9.97052493004239,1.2620775328593523,0.8999999999999999,0.2304886114323222,0.03870763676465455,0.8586738912046301,1.7610062893081762,1.2832657670929588,2.3769396154887406,0.5116223563807107,0.19166666666666668,666.1285480281172,139.1,84.4,50
2026-04-03 10:49:16.750678,data_collection_user,8.07,80.00,4.69,0.533,0.24950530103460133,9.960463239098726,1.259291899017959,0.90625,0.21857135562557142,-0.014851847317316723,0.721137795512381,1.0,1.2990045697031876,2.378025379241173,0.5144861458460461,0.18000000000000002,680.8392041837736,139.1,84.4,50
2026-04-03 10:49:16.811399,data_collection_user,8.13,80.00,4.69,0.533,0.24886324838549329,9.971199539913737,1.257429761751089,0.90625,0.21857135562557142,-0.032246861159061425,0.6330940082269998,0.9937888198757763,1.3004666808412524,2.3689153757670764,0.5174638171299661,0.18000000000000002,698.5987551713805,139.1,84.4,50
2026-04-03 10:49:16.856155,data_collection_user,8.18,80.00,4.69,0.533,0.24851387178744144,10.00498140426715,1.2573884951714631,0.90625,0.21857135562557142,-0.037587896541336784,0.5741450660364205,0.9876543209876544,1.3001404346102097,2.3635211894253314,0.5196803068831561,0.18000000000000002,718.9644362503261,139.1,84.4,50
2026-04-03 10:49:16.902827,data_collection_user,8.22,80.00,4.69,0.533,0.24834809366883098,10.05331442751762,1.2598065605147142,0.8999999999999999,0.2304886114323222,0.03851626051153791,0.7073647831141074,0.9815950920245399,1.3059973229536859,2.5531425923626396,0.5158831969302711,0.19000000000000003,700.6996840946139,139.1,84.4,50
2026-04-03 10:49:16.962158,data_collection_user,8.28,80.00,4.69,0.533,0.2585386830983856,10.962129107952585,1.2602923911725012,0.8999999999999999,0.2304886114323222,-0.01511717593616434,0.5387785167059223,0.9756097560975608,1.305412761399917,2.688984916059778,0.5204205638356785,0.19166666666666668,723.09239245508,139.1,84.4,50
2026-04-03 10:49:17.008891,data_collection_user,8.33,80.00,7.03,0.533,0.2703999048366494,12.064157908385393,1.4376922967220542,0.8999999999999999,0.2304886114323222,-0.21452006143214217,0.7052341630818542,1.8181818181818183,1.2743976350473516,2.7165699765447595,0.5213699470448308,0.19166666666666668,759.0736448779354,140.4,85.0,50
2026-04-03 10:49:17.052397,data_collection_user,8.37,80.00,7.03,0.533,0.27859181754221213,12.883824533044551,1.4888898131963137,0.8999999999999999,0.2304886114323222,-0.3375609601226394,0.79222631694565,1.8072289156626504,1.2333538812882827,2.67510960027796,0.5213667322253422,0.19166666666666668,792.8932237055742,140.6,85.1,50
2026-04-03 10:49:17.109845,data_collection_user,8.43,80.00,7.03,0.533,0.2823978305104836,13.318005291063646,1.4767022593474814,0.8999999999999999,0.22220486043288973,-0.34476605825675477,0.684624881927193,1.7964071856287425,1.2103846983918474,2.6098506915855144,0.5210736720140259,0.19000000000000003,823.524209539904,140.6,85.1,50
2026-04-03 10:49:17.155102,data_collection_user,8.47,80.00,7.03,0.533,0.2819829188189513,13.358413572950088,1.4596390009182354,0.8999999999999999,0.2304886114323222,-0.29886609796136565,0.6127212323936058,1.7857142857142856,1.2131367914886586,2.5543070013624227,0.5203719785138358,0.19166666666666668,848.1579160303152,140.5,85.1,50
2026-04-03 10:49:17.200733,data_collection_user,8.52,80.00,7.03,0.533,0.27716458421865797,12.982614939922161,1.4193954957441663,0.8999999999999999,0.2304886114323222,-0.22240330685290216,0.5541054728831623,1.7751479289940826,1.2314475366843514,2.5176664751431748,0.5205636201223598,0.19166666666666668,856.4500704809839,140.3,85.0,50
2026-04-03 10:49:17.261251,data_collection_user,8.58,80.00,7.03,0.533,0.26911064615394886,12.311491778477297,1.328382499451449,0.8722222222222222,0.23107371492317136,-0.12698479006340474,0.46467053055689966,1.7647058823529411,1.256396679865449,2.4997024116688187,0.47314547303466725,0.19285714285714287,851.589334247681,139.9,84.8,50
2026-04-03 10:49:17.307413,data_collection_user,8.63,80.00,7.03,0.533,0.26109462252316634,11.657138726698019,1.2690122765935212,0.8722222222222222,0.23107371492317136,-0.0668186024710791,0.4335636927556341,1.7543859649122806,1.2853779658399398,2.496239775951737,0.4809556617465239,0.19285714285714287,851.478434744956,139.7,84.7,50
2026-04-03 10:49:17.352351,data_collection_user,8.67,80.00,7.03,0.533,0.2566828954181522,11.332410713642322,1.2501066362521573,0.8722222222222222,0.23107371492317136,-0.08096586691087537,0.43611523204845515,1.0465116279069768,1.3116785760339487,2.484439716444974,0.4871871808331957,0.19285714285714287,876.2727572340256,139.6,84.7,50
2026-04-03 10:49:17.409869,data_collection_user,8.73,80.00,7.03,0.533,0.25742850743034634,11.46461250374215,1.2505023727264881,0.8722222222222222,0.23107371492317136,-0.13096318316659722,0.39315568587400573,1.0404624277456647,1.3218822894111109,2.4378954287813395,0.49143070760771906,0.19285714285714287,932.4475450533145,139.6,84.7,50
2026-04-03 10:49:17.457525,data_collection_user,8.78,80.00,7.03,0.533,0.26229491140853023,11.970959975840717,1.2694555317628566,0.8722222222222222,0.23107371492317136,-0.1724791159711014,0.34226684552248887,1.0344827586206895,1.3110509025255213,2.3620826829132007,0.49440461883708436,0.19285714285714287,1009.6496175930077,139.7,84.7,50
2026-04-03 10:49:17.501593,data_collection_user,8.82,80.00,7.03,0.533,0.2685577738333081,12.621573630102894,1.3234314033476375,0.8777777777777778,0.2262141452389148,-0.21234606234752204,0.32636794967165983,1.0285714285714285,1.2893567739858163,2.287198993669553,0.4979396219969624,0.18571428571428572,927.4500134706343,139.9,84.8,50
2026-04-03 10:49:17.561414,data_collection_user,8.88,80.00,7.03,0.533,0.27309617892240673,13.126348037795378,1.3661278600021016,0.8833333333333333,0.2223610677354389,-0.2587658415085377,0.34610868440672204,1.0227272727272727,1.270725744839209,2.230839320786923,0.5020765691214275,0.18571428571428572,953.6267535369766,140.1,84.9,50
2026-04-03 10:49:17.606217,data_collection_user,8.92,80.00,7.03,0.533,0.2737978810495913,13.26885450110257,1.3804351357190245,0.8944444444444444,0.21787412834586198,-0.2947401073488077,0.38224852853853264,1.0169491525423728,1.2623685601856431,2.1907869535009854,0.5054689529258657,0.18571428571428572,957.7313585393621,140.2,84.9,50
2026-04-03 10:49:17.650569,data_collection_user,8.97,80.00,7.03,0.533,0.2706598140638244,13.03969882093339,1.3642741475652946,0.8999999999999999,0.2173067468400883,-0.30251064582705733,0.42154526911037626,1.0112359550561798,1.2644038732691076,2.1788729800748956,0.510832109862126,0.19285714285714287,943.7924475506888,140.1,84.9,50
2026-04-03 10:49:17.710462,data_collection_user,9.03,80.00,7.03,0.533,0.2656849260945947,12.635337911746353,1.3335255882541026,0.8999999999999999,0.2173067468400883,-0.2826922882894167,0.46704349959174385,1.005586592178771,1.2727456520427327,2.202678504472852,0.5185036474856585,0.19166666666666668,922.9935889179353,139.9,84.8,50
2026-04-03 10:49:17.755884,data_collection_user,9.07,80.00,7.03,0.533,0.26136586577506227,12.296180842622618,1.3072766881965068,0.8777777777777778,0.2262141452389148,-0.2515266765651149,0.5090386592554332,1.0,1.2815886390246443,2.2496805029072346,0.5226734401049543,0.18571428571428572,907.530312378097,139.8,84.8,50
2026-04-03 10:49:17.801057,data_collection_user,9.12,80.00,7.03,0.533,0.25895610158862026,12.137545521545622,1.2943839573090496,0.8777777777777778,0.2262141452389148,-0.22601958048183451,0.5300946149791748,0.9944751381215469,1.2861935326825205,2.30354135806251,0.5227593528463487,0.18571428571428572,902.5123573427121,139.8,84.8,50
2026-04-03 10:49:17.860132,data_collection_user,9.18,80.00,7.03,0.533,0.258078309182232,12.12200328800547,1.2926586955465391,0.8777777777777778,0.2262141452389148,-0.2127159918365584,0.5372591910422209,0.989010989010989,1.2861768375141454,2.352152545547131,0.5214276468460157,0.18571428571428572,905.0033704189722,139.8,84.8,50
2026-04-03 10:49:17.907665,data_collection_user,9.23,80.00,7.03,0.533,0.2576925747247862,12.152199741496979,1.2955194856897583,0.8777777777777778,0.2262141452389148,-0.20876469504053588,0.5493186869350528,0.9836065573770492,1.2839780027218022,2.3929725320628727,0.5198996544146226,0.18571428571428572,909.6093246252076,139.8,84.8,50
2026-04-03 10:49:17.952166,data_collection_user,9.27,80.00,7.03,0.533,0.2571033059150388,12.162788223889333,1.2978092232461744,0.8777777777777778,0.2262141452389148,-0.20839400712742234,0.5724756965067406,0.7608695652173911,1.2826794437289006,2.429433683747976,0.5183674403639142,0.18571428571428572,914.458768492379,139.8,84.8,50
2026-04-03 10:49:18.012142,data_collection_user,9.33,80.00,7.03,0.533,0.2562179327615088,12.14481137768749,1.2978582809411368,0.8777777777777778,0.2262141452389148,-0.2074789169562571,0.6002234488217826,0.7567567567567568,1.2829971604465003,2.463362298999472,0.5169427523634819,0.18571428571428572,919.1509541915475,139.8,84.8,50
2026-04-03 10:49:18.057557,data_collection_user,9.38,80.00,7.03,0.533,0.25527921755435506,12.121151078220457,1.2966433578689054,0.8549999999999999,0.22522211259110417,-0.20497365523112104,0.6236772308120515,0.7526881720430106,1.284470037325598,2.4901887832532217,0.48227358147180954,0.18571428571428572,926.5441886083615,139.8,84.8,50
2026-04-03 10:49:18.102461,data_collection_user,9.42,80.00,7.03,0.533,0.2545187969927664,12.113825970234625,1.2957217456094134,0.86,0.2211334438749598,-0.20193879332843767,0.6387652971237081,0.7486631016042781,1.285776060118693,2.5012002672242595,0.48423199299293407,0.18571428571428572,937.9311394628753,139.8,84.8,50
2026-04-03 10:49:18.162503,data_collection_user,9.48,80.00,7.03,0.533,0.253998675934621,12.128881546789636,1.2958069580393932,0.8699999999999999,0.21587033144922904,-0.19974750973070238,0.6466018265791651,1.0638297872340425,1.2865617025876042,2.4933468273405337,0.48354774590156946,0.18125,953.4228611558985,139.8,84.8,50
2026-04-03 10:49:18.207605,data_collection_user,9.53,80.00,7.03,0.533,0.25367302760965205,12.162150933026336,1.296891135186406,0.875,0.2147673159491453,-0.19913882113027256,0.6497940282277423,1.0582010582010581,1.2867733025835564,2.469538882263127,0.4831986130740654,0.18125,972.565394224419,139.8,84.8,50
2026-04-03 10:49:18.251760,data_collection_user,9.57,80.00,7.03,0.533,0.25349430914704885,12.209279306288519,1.2988819177319701,0.8799999999999999,0.2147091055358389,-0.20029334002484933,0.6499990405633063,1.0526315789473684,1.2867128817431195,2.440422937236961,0.4829644432763657,0.1875,994.8009151206918,139.8,84.8,50
2026-04-03 10:49:18.312591,data_collection_user,9.63,80.00,7.03,0.533,0.25343269204618607,12.267572714975401,1.3016992518633366,0.885,0.21569654610122993,-0.20309282118772565,0.6481478061540367,1.0471204188481673,1.2863782405271458,2.4212239738729724,0.48339604836610306,0.1875,1019.4555247907525,139.8,84.8,50
2026-04-03 10:49:18.359620,data_collection_user,9.68,54.55,7.03,0.533,0.2534541295876201,12.33388719456348,1.305113858287963,0.8899999999999999,0.21771541057077243,-0.20720883084530287,0.645187982844575,1.0416666666666665,1.2858100283459406,2.4085999307641153,0.4841510395847468,0.1875,1047.010563500666,130.1,79.2,50
2026-04-03 10:49:18.403053,data_collection_user,9.72,54.55,7.03,0.533,0.2535126606704399,12.403853140199685,1.3087512713280254,0.8949999999999999,0.22073740054644117,-0.21217094435999023,0.6423199335548193,1.0362694300518134,1.2849100901572392,2.400672058556282,0.4855771879837937,0.1875,1074.0925665662458,130.2,79.2,90
2026-04-03 10:49:18.463107,data_collection_user,9.78,54.55,7.03,0.533,0.25355465544588324,12.47225287986643,1.3122127410252853,0.9,0.22472205054244235,-0.2174851181249039,0.6409434421497071,1.0309278350515463,1.2836796540312727,2.3976256092618664,0.48727793093451555,0.1875,1101.0116846699798,130.2,79.2,90
2026-04-03 10:49:18.513805,data_collection_user,9.83,54.55,7.03,0.533,0.25352701960016377,12.533810185131655,1.315194612825653,0.9,0.22472205054244235,-0.22275124836325924,0.6424726382299766,1.0256410256410255,1.28211363190501,2.3978785316314744,0.48871977629152263,0.18571428571428572,1126.9148573442185,130.2,79.2,90
2026-04-03 10:49:18.552199,data_collection_user,9.87,54.55,7.03,0.533,0.2533855612256011,12.584031556972114,1.3175487100097576,0.9049999999999999,0.2296192500641007,-0.22772738264445153,0.6481312734518907,1.020408163265306,1.2803490329069787,2.397741550509715,0.4903842302071314,0.1875,1151.0684936538894,130.2,79.2,90
2026-04-03 10:49:18.612246,data_collection_user,9.93,54.55,7.03,0.533,0.2531003608703995,12.619779156527112,1.3192662224718052,0.9099999999999999,0.2353720459187964,-0.2323214448898689,0.658796905807153,1.015228426395939,1.278525726471916,2.3931964850696805,0.49222954053608997,0.1875,1172.8878499449224,130.2,79.2,90
2026-04-03 10:49:18.659672,data_collection_user,9.98,54.55,7.03,0.533,0.25265700197976326,12.639441008581617,1.3204096162355494,0.9149999999999998,0.24191940806805892,-0.23652751690769339,0.6749121149188109,1.0101010101010102,1.2768888642870775,2.382577475605434,0.4937370945351553,0.18125,1191.949025597242,130.2,79.2,90
2026-04-03 10:49:18.703254,data_collection_user,10.02,54.55,7.03,0.533,0.25205450248502265,12.642762972371484,1.3210384608421233,0.9199999999999999,0.24919871588754228,-0.24034573033592632,0.6964633612180546,1.0050251256281406,1.275593980665382,2.366963593846998,0.4950287424035006,0.18125,1207.9991402945582,130.2,79.2,90
2026-04-03 10:49:18.766940,data_collection_user,10.09,54.55,7.03,0.533,0.2572077746691163,13.23116787004778,1.335450457554184,0.9199999999999999,0.24919871588754228,-0.24311809856023162,0.5322264250324964,1.0,1.2621095622273242,2.2807619143326616,0.5012683211686193,0.1875,1295.3801448871227,130.3,79.2,90
2026-04-03 10:49:18.808839,data_collection_user,10.13,54.55,7.03,0.533,0.2602344017748426,13.61211071728915,1.3443402944274734,0.9199999999999999,0.23790754506740638,-0.24213595765876517,0.4545997958270145,0.9950248756218905,1.2506187371322997,2.2440180955638467,0.5059917333045226,0.1875,1088.686528482776,130.3,79.3,90
2026-04-03 10:49:18.853916,data_collection_user,10.17,54.55,7.03,0.533,0.26103423737257186,13.764052362297399,1.3470673617731879,0.9199999999999999,0.23790754506740638,-0.23329982295419574,0.44644100434516076,0.99009900990099,1.248851678545494,2.2611764601376083,0.5058334226654233,0.1875,1098.2756910163494,130.3,79.3,90
2026-04-03 10:49:18.914493,data_collection_user,10.23,54.55,7.03,0.533,0.2600349054135324,13.72648486278522,1.3347828362610001,0.8363636363636363,0.2384523099746182,-0.1687039873477957,0.4283151569091128,0.9852216748768472,1.2825934776312204,2.5043711631655854,0.4736549292249827,0.1875,1117.3022952001363,130.3,79.2,90
2026-04-03 10:49:18.959494,data_collection_user,10.28,54.55,7.03,0.533,0.27014383683974197,14.887449286829414,1.3424919849826464,0.9199999999999999,0.24919871588754228,-0.23531504662504632,0.3773139918708086,0.980392156862745,1.295931351396243,2.736105460093073,0.515441021636563,0.18125,1222.5884873180933,130.3,79.3,90
2026-04-03 10:49:19.002966,data_collection_user,10.32,54.55,9.38,0.533,0.2835291735616931,16.479702413418224,1.5853503412232577,0.9199999999999999,0.24919871588754228,-0.39868369344946686,0.7006944426052133,0.975609756097561,1.2726199890751844,2.8297931805480294,0.521721072862751,0.18571428571428572,1357.1386111941686,131.9,80.0,100
2026-04-03 10:49:19.064133,data_collection_user,10.38,54.55,9.38,0.533,0.294175195899495,17.827043451796285,1.6506697585740098,0.9199999999999999,0.24919871588754228,-0.4457449380024995,0.831912141346125,0.970873786407767,1.2322345812662316,2.823287748769637,0.5202491107831902,0.1875,1471.7531458051706,132.2,80.1,100
2026-04-03 10:49:19.108962,data_collection_user,10.43,54.55,9.38,0.533,0.3005896130759091,18.703301906248818,1.65214633883375,0.9199999999999999,0.24919871588754228,-0.3538089262637487,0.6610555289012741,0.8695652173913042,1.1984150186893536,2.7785421053933437,0.5185601756803264,0.19375,1549.9000611384165,132.2,80.1,100
2026-04-03 10:49:19.154587,data_collection_user,10.47,54.55,9.38,0.533,0.3029242149479004,19.086720640374764,1.6283573233597686,0.9199999999999999,0.23790754506740638,-0.21588974533104136,0.4438674045509301,0.8653846153846153,1.1798074163962073,2.73481969376775,0.5182041975617847,0.1875,1590.960408018117,132.1,80.1,100
2026-04-03 10:49:19.213833,data_collection_user,10.53,54.55,9.38,0.533,0.3011400133042894,18.95322929109769,1.555404391944425,0.9199999999999999,0.23790754506740638,-0.09327863069583868,0.2713354215444852,0.8612440191387558,1.1729173925362235,2.699680996242144,0.5189738324552423,0.18571428571428572,1587.8128991233443,131.8,79.9,100
2026-04-03 10:49:19.259748,data_collection_user,10.58,54.55,9.38,0.533,0.2956177747024845,18.35187243121027,1.4902641003067838,0.9199999999999999,0.23790754506740638,-0.0021122289795058244,0.16214590186666245,0.8571428571428571,1.1750020302758473,2.670495195125644,0.5182473082822058,0.18571428571428572,1547.4900979234703,131.5,79.8,100
2026-04-03 10:49:19.303585,data_collection_user,10.62,54.55,9.38,0.533,0.28785448773486816,17.483503489020812,1.4671589674227683,0.9199999999999999,0.22825424421026655,0.04088653795307476,0.16000779445948687,0.8530805687203791,1.1881872997784595,2.6453275340704487,0.5156506769875981,0.1785714285714286,1490.4828745674204,131.4,79.8,100
2026-04-03 10:49:19.361805,data_collection_user,10.68,54.55,9.38,0.533,0.27994597770579077,16.614387091934034,1.4204577159405325,0.8909090909090908,0.2362762076066732,0.020871094983480203,0.23174644332619643,1.0377358490566038,1.21251391583152,2.6138665388140296,0.4757832477069706,0.18125,1444.933193752409,131.2,79.7,60
2026-04-03 10:49:19.407386,data_collection_user,10.73,54.55,9.38,0.533,0.2737240630103696,15.95899574890272,1.362088677308719,0.8909090909090908,0.2362762076066732,-0.04457980287021399,0.29118504537645995,1.0328638497652582,1.2402496779523744,2.5553110977060434,0.4815823023260418,0.175,1431.3220906074007,130.9,79.6,60
2026-04-03 10:49:19.450873,data_collection_user,10.77,54.55,9.38,0.533,0.27032136881441426,15.637759481667498,1.3549039144336867,0.8909090909090908,0.2447802185061138,-0.11505253680188623,0.30571575675701057,1.02803738317757,1.260852428426114,2.464174579295945,0.48351936887463626,0.18125,1455.9670541006526,130.9,79.6,60
2026-04-03 10:49:19.511451,data_collection_user,10.83,54.55,9.38,0.533,0.2698535554400204,15.65650239747833,1.3493026454160553,0.8954545454545454,0.23974849080437444,-0.16424943041632104,0.28983983464867435,1.0232558139534884,1.2693515828402149,2.3693065744990163,0.4842511828419641,0.1875,1511.4299053985292,130.9,79.6,60
2026-04-03 10:49:19.558070,data_collection_user,10.88,54.55,9.38,0.533,0.27120998591427026,15.887848995277635,1.346836546300577,0.8954545454545454,0.23974849080437444,-0.18780805672767892,0.26989046605734135,1.0185185185185184,1.268160342095752,2.3185812693887895,0.48517333552768693,0.1875,1581.5869354925758,130.9,79.5,60
2026-04-03 10:49:19.601793,data_collection_user,10.92,54.55,9.38,0.533,0.27262273694922795,16.12812500426628,1.3473821098070873,0.8999999999999999,0.2354878881270658,-0.1894317324431935,0.265852357552427,1.0138248847926266,1.2626381073362232,2.3061178422994546,0.4849742679620994,0.18125,1636.7338151183735,130.9,79.6,60
2026-04-03 10:49:19.660645,data_collection_user,10.98,54.55,9.38,0.533,0.2728605825812379,16.23073166079282,1.3494451040489066,0.8999999999999999,0.2354878881270658,-0.17647372106929451,0.2815365188016825,1.0091743119266054,1.2572017051202704,2.322427032707641,0.4883713106293149,0.1875,1665.486837957128,130.9,79.6,60
2026-04-03 10:49:19.708476,data_collection_user,11.03,54.55,9.38,0.533,0.27192104346013485,16.193090798942233,1.351240352869512,0.9045454545454544,0.23204089123818583,-0.1600939074137183,0.30846216118318104,1.004566210045662,1.2541135380179635,2.362741926900595,0.4954313896849284,0.18125,1670.4995354665657,130.9,79.6,60
2026-04-03 10:49:19.751236,data_collection_user,11.07,54.55,9.38,0.533,0.27064015964203086,16.114141122434066,1.3517611045891327,0.9045454545454544,0.23204089123818583,-0.1500522480983196,0.32918706812976684,1.0,1.2533862256939212,2.421221087314726,0.5022461756257834,0.18125,1667.3588708190803,130.9,79.6,60
2026-04-03 10:49:19.809943,data_collection_user,11.13,54.55,9.38,0.533,0.26979256027091847,16.086153652635716,1.3511304463821692,0.9090909090909091,0.22944417207498113,-0.1489187205804358,0.33245070853904446,0.995475113122172,1.2534053578201065,2.483377665650717,0.5076155288226926,0.175,1671.1119185109756,130.9,79.6,60
2026-04-03 10:49:19.856854,data_collection_user,11.18,54.55,9.38,0.533,0.26957214937460333,16.13254990549445,1.3501468079855392,0.9136363636363636,0.22772681908864273,-0.1526938952367995,0.32501565977296387,0.9909909909909907,1.2525900219981407,2.5358038464261363,0.5118133229746612,0.175,1686.8717128193937,130.9,79.6,60
2026-04-03 10:49:19.901586,data_collection_user,11.22,54.55,9.38,0.533,0.26970719137219695,16.221459104366986,1.3495403559563062,0.9136363636363636,0.22772681908864273,-0.1562345528537444,0.32028968040937666,0.9865470852017937,1.2504987286289928,2.5747131220090615,0.5147501160420498,0.175,1710.4291938942442,130.9,79.6,60
2026-04-03 10:49:19.962949,data_collection_user,11.28,54.55,9.38,0.533,0.26982936776549565,16.30896684675487,1.349543216632536,0.9181818181818181,0.22690879953361245,-0.15705354953668618,0.3249359378647827,0.982142857142857,1.2479025005931816,2.6030062180464264,0.5167337241965145,0.18125,1736.6352586748844,130.9,79.6,60
2026-04-03 10:49:20.009682,data_collection_user,11.33,54.55,9.38,0.533,0.2697219428466711,16.368733451921155,1.3499522963772588,0.9181818181818181,0.22690879953361245,-0.1554065816945377,0.3379419591121562,0.9777777777777779,1.245568680446817,2.6236311163512864,0.5181516307947069,0.1875,1756.1833457639214,130.9,79.6,60
2026-04-03 10:49:20.054414,data_collection_user,11.37,54.55,9.38,0.533,0.26936599501436737,16.39811687503812,1.3504445682455928,0.9181818181818181,0.22690879953361245,-0.15268617366005255,0.3553301150102586,0.9734513274336283,1.2439785147228941,2.637422906188227,0.519272818498861,0.1875,1546.8566586103727,130.9,79.6,60
2026-04-03 10:49:20.113034,data_collection_user,11.43,54.55,9.38,0.533,0.26885182991428314,16.407856563754706,1.3508313640062357,0.9181818181818181,0.22690879953361245,-0.15007868095150428,0.3739291359969359,0.9691629955947135,1.2430221053253367,2.6450673273126553,0.5198455062864211,0.1875,1556.738709065275,130.9,79.6,60
2026-04-03 10:49:20.158486,data_collection_user,11.48,54.55,9.38,0.533,0.26826246846211366,16.407963452668128,1.3510948581317366,0.9181818181818181,0.22690879953361245,-0.14816861964605274,0.3926235019459563,0.8771929824561403,1.2426391690321332,2.6474058844784105,0.5197589481248974,0.1875,1567.3862108190779,130.9,79.6,60
2026-04-03 10:49:20.203148,data_collection_user,11.52,54.55,9.38,0.533,0.2676316057257907,16.402508891790603,1.3512776386480618,0.9181818181818181,0.22690879953361245,-0.14716525414632495,0.41146322166332316,1.0480349344978166,1.2426899033872076,2.6461064226785105,0.519107278926439,0.1875,1579.5386065723635,130.9,79.6,60
2026-04-03 10:49:20.261255,data_collection_user,11.58,54.55,9.38,0.533,0.2669732762737502,16.393187956198236,1.3514027931943242,0.9181818181818181,0.22690879953361245,-0.1471243075861966,0.4303838017625492,1.0434782608695652,1.2431753432909156,2.6379135537429432,0.518331193306349,0.1875,1593.2938251053915,130.9,79.6,60
2026-04-03 10:49:20.306455,data_collection_user,11.63,54.55,9.38,0.533,0.26630567797157995,16.382222961697558,1.351475725051164,0.9181818181818181,0.22690879953361245,-0.14800130642804793,0.4489714016071691,1.0389610389610389,1.243938720337042,2.6164786228159893,0.5174986919802105,0.1875,1608.5467377506877,130.9,79.6,60
2026-04-03 10:49:20.350663,data_collection_user,11.67,54.55,9.38,0.533,0.26564896458087073,16.37209439283018,1.3515020260212314,0.9181818181818181,0.22690879953361245,-0.1496830400814934,0.4667626296415084,1.0344827586206895,1.2448931646638361,2.580536779055924,0.5168323573049605,0.1875,1627.7979406118257,130.9,79.6,60
2026-04-03 10:49:20.409885,data_collection_user,11.73,54.55,9.38,0.533,0.2650197674824456,16.36486617745274,1.35149068195348,0.9181818181818181,0.22690879953361245,-0.15202076472747153,0.48338394000943596,1.0300429184549356,1.2458760477903958,2.5340729462412086,0.5164916358372886,0.1875,1645.5646865386436,130.9,79.6,60
2026-04-03 10:49:20.456087,data_collection_user,11.77,54.55,9.38,0.533,0.264428602763245,16.36186171448135,1.3514525652244238,0.9181818181818181,0.22690879953361245,-0.15484301603155254,0.49860865621967587,1.0256410256410255,1.246810960671469,2.4836727518174153,0.5163852508287117,0.1875,1665.1102851004848,130.9,79.6,60
2026-04-03 10:49:20.503021,data_collection_user,11.82,54.55,9.38,0.533,0.2638788615170527,16.36353258555093,1.3513992273412323,0.9181818181818181,0.22690879953361245,-0.1579633467613454,0.5124144647677382,1.0212765957446808,1.2475869653811817,2.43873164932165,0.5164170818845066,0.1875,1686.4747588742814,130.9,79.6,60
2026-04-03 10:49:20.570981,data_collection_user,11.89,54.55,9.38,0.533,0.26336758891854223,16.369546906692833,1.351342052123476,0.9291666666666667,0.22028233146477172,-0.16119237602712413,0.5250003849949958,1.0169491525423728,1.2481755766451579,2.411674142591997,0.48340634898521806,0.18333333333333332,1709.4575794435118,130.9,79.6,60
2026-04-03 10:49:20.623730,data_collection_user,11.94,54.55,9.38,0.533,0.26288737549012636,16.379016009524545,1.3512916613322112,0.9291666666666667,0.22028233146477172,-0.16435480406629968,0.5367459959172405,1.0126582278481013,1.248526904924755,2.4095032432701866,0.4869694187131741,0.18888888888888888,1733.5790070148269,130.9,79.6,60
2026-04-03 10:49:20.665945,data_collection_user,11.98,54.55,9.38,0.533,0.26242838626271475,16.390740584115726,1.3512573771024674,0.9333333333333332,0.22298480267099421,-0.16730548294225062,0.5481281845547592,1.0084033613445378,1.2486728669229492,2.424500893254197,0.4900989063778519,0.18888888888888888,1758.1354870175385,130.9,79.6,60
2026-04-03 10:49:20.723671,data_collection_user,12.04,54.55,9.38,0.533,0.26197983495944915,16.403390708165873,1.3512466038824522,0.9333333333333332,0.22298480267099421,-0.16993850555830484,0.5596297888073956,1.00418410041841,1.2486206361965193,2.4474395364768737,0.4919420681723955,0.18888888888888888,1782.3372072511772,130.9,79.6,60
2026-04-03 10:49:20.769245,data_collection_user,12.09,54.55,9.38,0.533,0.26153077883216014,16.4156035863735,1.3512641466952373,0.9375,0.22649963208211474,-0.17218780222402869,0.5716709800464859,1.0,1.248452027474851,2.473846988341686,0.49380834557218944,0.18888888888888888,1808.4210391052811,130.9,79.6,60
2026-04-03 10:49:20.812169,data_collection_user,12.13,54.55,9.38,0.533,0.2610705742764276,16.42604058547871,1.351311622154062,0.9416666666666665,0.23078970706877047,-0.17402239030617112,0.5845755890135056,0.995850622406639,1.248196196728299,2.502968943990074,0.4953457005690821,0.18888888888888888,1830.1058528703074,130.9,79.6,60
2026-04-03 10:49:20.872240,data_collection_user,12.19,54.55,9.38,0.533,0.26058945242807924,16.433460777457412,1.351387161275336,0.9458333333333333,0.2358127199471837,-0.1754409146601603,0.598564745214309,0.9917355371900825,1.2479461960641445,2.536769923199175,0.49667603982187203,0.18888888888888888,1850.477227668632,130.9,79.6,60
2026-04-03 10:49:20.928112,data_collection_user,12.25,54.55,9.38,0.533,0.2600794614763297,16.436842286481692,1.3514855399010794,0.9500000000000001,0.241522945769824,-0.17646821921250003,0.6137594919435085,0.9876543209876543,1.2477104681306348,2.5734992757070265,0.49777832153955004,0.18888888888888888,1869.5280527009688,130.9,79.6,60
2026-04-03 10:49:20.965619,data_collection_user,12.28,54.55,9.38,0.533,0.25953566473192125,16.435537749353013,1.3515987551299933,0.9541666666666666,0.24787289529559747,-0.17715354009578071,0.6301762229879073,0.9836065573770492,1.2475708637727358,2.608043536913393,0.4986707382062935,0.18888888888888888,1887.236517438721,130.9,79.6,60
2026-04-03 10:49:21.025358,data_collection_user,12.34,54.55,11.72,0.533,0.2589571999349732,16.42941369254961,1.3517169579975858,0.9583333333333334,0.25481474752367755,-0.17756788986822833,0.64771121300803,0.9795918367346939,1.2475060841328733,2.636721977236179,0.4991349618807826,0.18888888888888888,1903.5384286632209,131.4,79.8,60
2026-04-03 10:49:21.072686,data_collection_user,12.39,54.55,11.72,0.533,0.25834774717213665,16.418915383353884,1.3518295904058997,0.9624999999999999,0.2623015122589524,-0.1777983097846314,0.6661250634533311,0.975609756097561,1.2475896367930066,2.6575970403792053,0.4990918650961776,0.18888888888888888,1918.3610216802122,131.4,79.8,60
2026-04-03 10:49:21.120817,data_collection_user,12.44,54.55,11.72,0.533,0.25771514493529046,16.40502269446739,1.3519265608992157,0.9666666666666667,0.27028791233711424,-0.17793839976141104,0.6850448890050083,0.9716599190283399,1.2477732302842497,2.6689525596402377,0.49851492957517146,0.18333333333333332,1931.695053109395,131.4,79.8,60
2026-04-03 10:49:21.177929,data_collection_user,12.50,54.55,11.72,0.533,0.25707022499455906,16.3891049435308,1.3519993116878564,0.8961538461538462,0.26051837264424765,-0.17807667621601067,0.7039965910419035,0.967741935483871,1.248114252680097,2.669329899716448,0.46395890704353365,0.185,1946.629368913503,131.4,79.8,60
2026-04-03 10:49:21.226298,data_collection_user,12.54,54.55,11.72,0.533,0.2564252228672882,16.37271983571207,1.3520416614131971,0.8999999999999999,0.2534379001467011,-0.17828567640852502,0.7224650633100311,1.0441767068273093,1.2485299718509577,2.6571295666233046,0.46953176911847405,0.185,1957.8081197058373,131.4,79.8,60
2026-04-03 10:49:21.268031,data_collection_user,12.59,54.55,11.72,0.533,0.2557922162545576,16.357414474104594,1.3520503458275748,0.9038461538461537,0.25754875450435705,-0.1786146616418453,0.7399660728127571,1.04,1.2490519771628958,2.6326836177038127,0.4734197782009602,0.185,1968.6156532349737,131.4,79.8,60
2026-04-03 10:49:21.337932,data_collection_user,12.66,54.55,11.72,0.533,0.25518192536991574,16.34457157390981,1.3520252191174893,0.9076923076923076,0.2510333672627803,-0.17908737914235645,0.75610860461558,1.0358565737051793,1.2495722418425623,2.5988828476169084,0.4865620204606875,0.185,1727.5902890379725,131.4,79.8,60
2026-04-03 10:49:21.376752,data_collection_user,12.70,54.55,11.72,0.533,0.2546029744674779,16.335314001137178,1.3519691206960491,0.9115384615384615,0.21497213249972494,-0.1797044246576344,0.7706329027603842,1.0317460317460316,1.2501122226461678,2.5612296759311155,0.49146236161437684,0.185,1741.9086586884177,131.4,79.8,60
2026-04-03 10:49:21.419756,data_collection_user,12.74,54.55,11.72,0.533,0.254061507999836,16.330454211329133,1.3518874512540702,0.9153846153846155,0.21248042026050973,-0.18044832421232967,0.7834220743976092,1.0276679841897234,1.2505685466654841,2.5235787537016248,0.4915811498990146,0.185,1757.863003360253,131.4,79.8,60
2026-04-03 10:49:21.477083,data_collection_user,12.80,54.55,11.72,0.533,0.2535609797341374,16.330465292708848,1.351787532243128,0.9192307692307692,0.21080291701607265,-0.18128916011793544,0.7944955627082577,1.0236220472440944,1.2509750052453252,2.4924943991462376,0.49080371305957504,0.185,1775.4096384603922,131.4,79.8,60
2026-04-03 10:49:21.526228,data_collection_user,12.84,54.55,11.72,0.533,0.25310199713428677,16.335458343107952,1.3516778403728669,0.9230769230769231,0.21268917788766908,-0.18218932193595502,0.8039954750826372,1.0196078431372548,1.2512511798323112,2.4760340728092656,0.4905277559720935,0.185,1794.4104593095522,131.4,79.8,60
2026-04-03 10:49:21.568132,data_collection_user,12.89,54.55,11.72,0.533,0.25268223277530477,16.345167554640206,1.351567211420865,0.926923076923077,0.21178307535286467,-0.18310711782864525,0.8121721552627528,1.015625,1.2514467458652259,2.476644261673933,0.49169607623387535,0.185,1817.9235351018367,131.4,79.8,60
2026-04-03 10:49:21.623047,data_collection_user,12.94,54.55,11.72,0.533,0.2522965111862346,16.35895709608367,1.3514640971025713,0.9307692307692308,0.21442092099640545,-0.18399980160674198,0.8193685257686814,1.0116731517509725,1.2515018023017457,2.4924685485295153,0.49304586441614145,0.185,1839.663812942491,131.4,79.8,60
2026-04-03 10:49:21.669516,data_collection_user,12.99,54.55,11.72,0.533,0.2519371826990339,16.375864758792208,1.3513759383535446,0.9346153846153845,0.21428289657206337,-0.1848266847314681,0.8259988515262067,1.0077519379844961,1.2514763010253596,2.520972175747397,0.4949556888824004,0.185,1862.4711485766434,131.4,79.8,60
2026-04-03 10:49:21.715943,data_collection_user,13.03,54.55,11.72,0.533,0.25159481163173525,16.394686853162163,1.35130869279253,0.9384615384615385,0.21763929770454013,-0.18555253720222928,0.8325186888200924,1.0038610038610039,1.2513264386997989,2.5539707458999854,0.49661466149601496,0.185,1886.0594816658875,131.4,79.8,60
2026-04-03 10:49:21.776877,data_collection_user,13.10,54.55,11.72,0.533,0.25125909177100686,16.414094111373725,1.3512665291365902,0.9423076923076923,0.21825016860170934,-0.1861508700535387,0.839387170218683,1.0,1.2511229749720705,2.5832913495694654,0.4982059686686398,0.185,1910.0587491288225,131.4,79.8,60
2026-04-03 10:49:21.825278,data_collection_user,13.14,54.55,11.72,0.533,0.2509198237096205,16.432757819851894,1.3512516815884674,0.9461538461538462,0.21966892786605594,-0.18660635130516146,0.8470270570730292,0.9961685823754789,1.2508374703684086,2.604314116441843,0.49971584375388023,0.185,1934.0479415386656,131.4,79.8,60
2026-04-03 10:49:21.868219,data_collection_user,13.19,54.55,11.72,0.533,0.2505677825844705,16.449463981356203,1.3512644457001453,0.95,0.22360679774997896,-0.1869157104500314,0.8557896213125931,0.9923664122137403,1.2505518474723196,2.615583842104258,0.5011476728520979,0.18,1957.6046677739334,131.4,79.8,60
2026-04-03 10:49:21.913537,data_collection_user,13.23,54.55,11.72,0.533,0.2501953635888557,16.463200349837596,1.3513032936051128,0.9538461538461538,0.2257138577095571,-0.18708692704969887,0.8659299098817828,0.9885931558935361,1.2502457521048385,2.6182849190202564,0.5028719720765371,0.185,1980.3586689807294,131.4,79.8,60
2026-04-03 10:49:21.959205,data_collection_user,13.28,54.55,11.72,0.533,0.2497969777136675,16.47321193976898,1.3513650879557715,0.9576923076923076,0.22857935320159425,-0.18713701381320705,0.8775945338581002,0.9848484848484846,1.2500034892998675,2.6154163269832265,0.504877166526321,0.185,2005.5401610750735,131.4,79.8,60
2026-04-03 10:49:22.004039,data_collection_user,13.32,54.55,11.72,0.533,0.24936923788879545,16.479029453388243,1.3514453765926664,0.9615384615384616,0.23300201893632244,-0.18708904455641795,0.8908206556863476,0.9811320754716981,1.2497981379761292,2.610755068629348,0.5068418704411605,0.18,2026.4634045993973,131.4,79.8,60
2026-04-03 10:49:22.062669,data_collection_user,13.38,54.55,11.72,0.533,0.24891100058611898,16.48047853260026,1.3515387505454126,0.9653846153846153,0.23646809459906765,-0.18696912511716107,0.9055427607389261,0.9774436090225563,1.249704748147916,2.609204503859024,0.5088118352423543,0.185,2046.2115053079874,131.4,79.8,60
2026-04-03 10:49:22.110565,data_collection_user,13.43,54.55,11.72,0.533,0.24842331143693513,16.47767582463309,1.3516392456964867,0.9692307692307692,0.24062295876333928,-0.18680380241948982,0.9216036241840619,0.9737827715355803,1.2496789888372495,2.616725649325119,0.5112314373234143,0.185,2064.747132460323,131.4,79.8,60
2026-04-03 10:49:22.155620,data_collection_user,13.47,54.55,11.72,0.533,0.24790926719766218,16.47101327634514,1.3517407643050765,0.9730769230769231,0.24543163282375102,-0.1866180959183829,0.9387672398004439,0.9701492537313432,1.2497822241014875,2.6371465646785928,0.5138948495408353,0.185,2082.055258387468,131.4,79.8,60
2026-04-03 10:49:22.212988,data_collection_user,13.53,54.55,11.72,0.533,0.24737377719533793,16.46112833820606,1.3518374889991867,0.976923076923077,0.25008874164629014,-0.1864340753045387,0.9567333891585474,1.04089219330855,1.2499515283421443,2.6624207246740226,0.517058036587269,0.185,2098.1488619144984,131.4,79.8,60
2026-04-03 10:49:22.258504,data_collection_user,13.58,54.55,11.72,0.533,0.2468232024843714,16.448857186853072,1.3519242604390926,0.9807692307692307,0.25535681034919744,-0.18626979566537816,0.9751549173827332,1.037037037037037,1.2502370856213285,2.683169366633053,0.5209188659839306,0.185,2113.0834647274905,131.4,79.8,60
2026-04-03 10:49:22.305916,data_collection_user,13.62,54.55,11.72,0.533,0.24626487151237578,16.435170861012885,1.3519968923062593,0.9846153846153846,0.2604615838974926,-0.18613844362768864,0.9936589368287776,1.033210332103321,1.2505614950375126,2.6931725568009526,0.5255838360872312,0.185,2126.971394275163,131.4,79.8,60
2026-04-03 10:49:22.362842,data_collection_user,13.68,54.55,11.72,0.533,0.24570650447268944,16.421098684531067,1.352052402383749,0.9178571428571427,0.2636333647708654,-0.18604767796862878,1.0118720663470695,1.0294117647058822,1.2509676557812348,2.6891067658453465,0.5010918372604731,0.18,2143.664170265516,131.4,79.8,60
2026-04-03 10:49:22.409220,data_collection_user,13.73,54.55,11.72,0.533,0.24515560723770838,16.40764719050444,1.352089146227833,0.9214285714285715,0.2602981022612657,-0.18599927069485114,1.0294480432102882,1.0256410256410258,1.251368989889099,2.6707689296337027,0.5075619792970363,0.18,2156.6286712865935,131.4,79.8,60
2026-04-03 10:49:22.453508,data_collection_user,13.77,54.55,11.72,0.533,0.24461890663110955,16.395724197903462,1.3521068482953749,0.9249999999999998,0.2596357338382263,-0.18598919804612582,1.046094536097299,1.021897810218978,1.2518053694259714,2.64096847756839,0.5144461798987977,0.185,2169.228971147174,131.4,79.8,60
2026-04-03 10:49:22.512879,data_collection_user,13.83,54.55,11.72,0.533,0.24410188884916884,16.386076338426292,1.3521065339845535,0.8666666666666666,0.25927248643506745,-0.18600827525689673,1.0615954776657457,1.018181818181818,1.2521881339165761,2.604359979681143,0.5044919571512636,0.18,1903.945862049415,131.4,79.8,60
2026-04-03 10:49:22.576989,data_collection_user,13.90,54.55,11.72,0.533,0.2436084785255015,16.379245063424683,1.352090373439852,0.8699999999999999,0.25612496949731395,-0.18604330834136876,1.075825925876373,1.0144927536231885,1.252560205131539,2.566874024913803,0.511444266204033,0.18636363636363634,1920.3135306178174,131.4,79.8,60
2026-04-03 10:49:22.617384,data_collection_user,13.94,54.55,11.72,0.533,0.2431408686894552,16.37554252149642,1.3520614544402654,0.8733333333333333,0.25616834742454464,-0.18607861179811344,1.0887579744065565,1.0108303249097472,1.2528392516234133,2.5345708687673922,0.5150189326695138,0.1818181818181818,1937.9148500008928,131.4,79.8,60
2026-04-03 10:49:22.669903,data_collection_user,13.99,54.55,11.72,0.533,0.24269949133248941,16.37504597986765,1.3520235060497114,0.9392857142857142,0.20717364303247396,-0.1860976665874517,1.1004578852998286,1.0071942446043165,1.2530771423078118,2.5135513105346043,0.5538713120587302,0.18636363636363634,1956.6776008782588,131.4,79.8,60
2026-04-03 10:49:22.711376,data_collection_user,14.03,54.55,11.72,0.373,0.24228310860497423,16.377608215565836,1.35198059717427,0.9428571428571428,0.2086154552358605,-0.18608469125001836,1.1110758243104364,1.003584229390681,1.2532036699678988,2.508750060638504,0.5594631508316027,0.18636363636363634,1976.4943933510276,131.4,79.8,60
2026-04-03 10:49:22.757568,data_collection_user,14.08,54.55,11.72,0.373,0.24188900372049843,16.382881233850686,1.3519368344343041,0.9464285714285713,0.21083531633064917,-0.18602595618194487,1.1208301120878508,1.0,1.2532817707832962,2.521072667368802,0.5072992256953152,0.18636363636363634,2001.1516532766273,131.4,79.8,60
2026-04-03 10:49:22.813361,data_collection_user,14.13,54.55,11.72,0.373,0.24151325296553125,16.390351031595944,1.3518960816826642,0.9500000000000001,0.21213203435596426,-0.18591075294371404,1.1299879004164701,0.9964412811387899,1.253253949041329,2.5475797863593765,0.5072325440226252,0.1818181818181818,2023.3691240723424,131.4,79.8,60
2026-04-03 10:49:22.856160,data_collection_user,14.17,54.55,11.72,0.373,0.24115106082244184,16.399381226292512,1.351861719815014,0.9535714285714285,0.21419640996248357,-0.1857320013871208,1.138843954246223,0.9929078014184396,1.2531921486718811,2.5826847298153117,0.507829558484368,0.1818181818181818,2046.201385341466,131.4,79.8,60
2026-04-03 10:49:22.903395,data_collection_user,14.22,54.55,14.06,0.373,0.24202041462135349,16.576408349458195,1.3517732682496875,0.9571428571428572,0.21535447759544762,-0.1819498560221433,1.0798437227038393,0.9893992932862191,1.2520857771319343,2.6033411474096337,0.5067527047660969,0.18636363636363634,2089.924177917497,131.9,80.1,60
2026-04-03 10:49:22.960059,data_collection_user,14.28,54.55,14.06,0.373,0.2422627383407738,16.668310566297144,1.3516890990698105,0.9571428571428572,0.21700653615661872,-0.181749066640693,1.0536041259866042,0.9859154929577463,1.2492212978907755,2.636817336994798,0.5095159727317607,0.18636363636363634,2121.4016412591386,131.9,80.1,60
2026-04-03 10:49:23.006024,data_collection_user,14.32,54.55,14.06,0.373,0.2418245278260551,16.666544143613933,1.3516295616382665,0.9607142857142857,0.21809120915388605,-0.18504763713782424,1.062295798401144,0.9824561403508771,1.2468698920841388,2.676788791291825,0.5125781757980954,0.19090909090909092,2139.184048206099,131.9,80.1,60
2026-04-03 10:49:23.051894,data_collection_user,14.37,54.55,14.06,0.373,0.23962913207409836,16.422726588435502,1.3516943406513193,0.9571428571428571,0.22027348493013252,-0.17756306457540064,1.180292629224244,0.979020979020979,1.249110640332736,2.7488886040189153,0.5095152066886053,0.19090909090909092,2109.4365574224275,131.9,80.1,60
2026-04-03 10:49:23.112702,data_collection_user,14.43,54.55,14.06,0.373,0.23939436620007812,16.44787315711275,1.351778150127355,0.9535714285714285,0.22076513515036558,-0.15889421333022355,1.1826244408463005,0.975609756097561,1.25080127413163,2.821270854481929,0.5138546646709041,0.19,2104.166644880059,131.9,80.1,60
2026-04-03 10:49:23.157493,data_collection_user,14.48,54.55,14.06,0.373,0.24008062750770115,16.599947818893565,1.3518564881016562,0.9535714285714285,0.22076513515036558,-0.1525316546624429,1.135119789504147,0.9722222222222223,1.2478280494614986,2.869027265013673,0.5192077342407728,0.19,2117.4242407576303,131.9,80.1,60
2026-04-03 10:49:23.205341,data_collection_user,14.52,54.55,14.06,0.373,0.24075102648723842,16.75074540209644,1.3519118068951155,0.89,0.25768197453450253,-0.14910841508688663,1.0901743920678042,0.9688581314878891,1.2424295544266766,2.8887497328878537,0.6308060434985664,0.18636363636363634,2135.170216601984,131.9,80.1,60
2026-04-03 10:49:23.261495,data_collection_user,14.58,54.55,14.06,0.373,0.24115717125469754,16.86546656179458,1.351936144490152,0.9535714285714286,0.21336110044634068,-0.1424776174211549,1.0566414671882907,0.9655172413793103,1.2395325758504343,2.889693405121225,0.5212617566414164,0.17727272727272725,2159.0073602263246,131.9,80.1,60
2026-04-03 10:49:23.307952,data_collection_user,14.63,54.55,14.06,0.373,0.24126877420602805,16.93929082940189,1.351930602420223,0.9535714285714285,0.21252250781159773,-0.13804194565935332,1.041962172020015,1.0309278350515463,1.2406027904120278,2.8806111644313823,0.5208766167193521,0.19,2187.037955296933,131.9,80.1,60
2026-04-03 10:49:23.353182,data_collection_user,14.67,54.55,14.06,0.373,0.2409550613061752,16.953327738166294,1.3519033537499698,0.9299999999999999,0.22345767682792494,-0.1383876695898832,1.049609076883864,1.0273972602739725,1.2435832518370242,2.8660741984860914,0.4869555806936628,0.18636363636363634,2214.1761017958565,131.9,80.1,60
2026-04-03 10:49:23.412459,data_collection_user,14.73,54.55,14.06,0.373,0.24019195247268987,16.903806991564373,1.3518672920635009,0.9299999999999999,0.22345767682792494,-0.1422163106396918,1.0784463673357987,1.0238907849829353,1.2466979987030384,2.8465571397687093,0.48973006103046013,0.18636363636363634,2237.82449962412,131.9,80.1,60
2026-04-03 10:49:23.457820,data_collection_user,14.78,54.55,14.06,0.373,0.23923487020519882,16.826596997896907,1.351837153329797,0.9333333333333333,0.22035325174717882,-0.1497871877647301,1.1192392965847562,1.020408163265306,1.2499765361684239,2.8197677311675746,0.4915314812243075,0.18636363636363634,2261.6997433959555,131.9,80.1,60
2026-04-03 10:49:23.504949,data_collection_user,14.82,54.55,14.06,0.373,0.23845303863527886,16.77365623214735,1.351825510289833,0.9333333333333333,0.2203532517471788,-0.16109131730795628,1.1526568381311728,1.0169491525423728,1.2533016912318462,2.78230937211708,0.4939399541052353,0.18636363636363634,2292.0525052910916,131.9,80.1,60
2026-04-03 10:49:23.565749,data_collection_user,14.88,54.55,14.06,0.373,0.23809517291645155,16.780036164370028,1.3518381626472968,0.9333333333333333,0.2203532517471788,-0.17304428075839018,1.1628552971531718,1.0135135135135134,1.2555840960486078,2.7314595255761764,0.49699177581682663,0.18636363636363634,2334.523366268576,131.9,80.1,60
2026-04-03 10:49:23.608659,data_collection_user,14.93,54.55,14.06,0.373,0.23821166858995013,16.853205318565244,1.3518711444279963,0.9366666666666666,0.21638443156156642,-0.18219572546651627,1.1471483094887462,1.0101010101010102,1.2558174857056812,2.672919276425332,0.5013069663320082,0.18636363636363634,2382.594290634982,131.9,80.1,60
2026-04-03 10:49:23.652920,data_collection_user,14.97,54.55,14.06,0.373,0.23865386045006426,16.972788202100187,1.3519119030295876,0.8812499999999999,0.2517904634810461,-0.18761684661506212,1.1150182736653207,1.0067114093959733,1.254341117863438,2.620325838019011,0.47552962404391996,0.18636363636363634,2432.6021626624756,131.9,80.1,60
2026-04-03 10:49:23.711562,data_collection_user,15.03,54.55,14.06,0.373,0.23909753239375325,17.093121369037785,1.3519451287354327,0.9466666666666668,0.20773915267843845,-0.18980908474132352,1.084448056436763,1.0033444816053512,1.2522811321170322,2.5855574599954236,0.5043180452184284,0.18636363636363634,2476.2495623663,131.9,80.1,60
2026-04-03 10:49:23.756357,data_collection_user,15.07,54.55,14.06,0.373,0.23918199224531558,17.16240762433146,1.3519603988807107,0.9500000000000001,0.2065591117977289,-0.18919965618268045,1.0727551927453254,1.0,1.2506148575335228,2.569995371467264,0.5047900524984958,0.17727272727272725,2505.93073086268,131.9,80.1,60
2026-04-03 10:49:23.801621,data_collection_user,15.12,54.55,14.06,0.373,0.2387346137623384,17.15525895828412,1.3519569758037784,0.9533333333333333,0.2053181812591266,-0.18652824608642335,1.0874464966640263,0.9966777408637872,1.2497225922225461,2.571125657366669,0.5020510882656033,0.1818181818181818,2218.2761410511807,131.9,80.1,60
2026-04-03 10:49:23.862616,data_collection_user,15.18,54.55,14.06,0.373,0.23787314591642572,17.088257331549503,1.35194269482338,0.9566666666666667,0.20564262420249574,-0.18316947884964002,1.123954197318933,0.9933774834437085,1.2495765903453708,2.5877207313384742,0.5012099046720063,0.17727272727272725,2223.1219256325503,131.9,80.1,60
2026-04-03 10:49:23.909061,data_collection_user,15.23,54.55,14.06,0.373,0.23687953546721877,17.001910039919103,1.3519280219270011,0.9566666666666667,0.20564262420249574,-0.18039692781030267,1.169322826073417,0.99009900990099,1.2498435817386495,2.6156101698395684,0.5015228365604048,0.185,2225.5675799083965,131.9,80.1,60
2026-04-03 10:49:23.955334,data_collection_user,15.27,54.55,14.06,0.373,0.23598524255859765,16.92946655045381,1.351919761539875,0.9600000000000001,0.20672042311618205,-0.17871463821149733,1.2108849454559314,0.9868421052631579,1.2502028772987663,2.6528736255009373,0.5030142305919046,0.185,2231.7412113141077,131.9,80.1,60
2026-04-03 10:49:24.011810,data_collection_user,15.33,54.55,14.06,0.373,0.23526566539899396,16.88172966126757,1.3519186597383377,0.903125,0.24651873027216412,-0.17795909865231427,1.2434760671014775,0.9836065573770493,1.250451655284185,2.6963922969843024,0.48174961584706777,0.17727272727272725,2238.484350724546,131.9,80.1,60
